requested_url,final_url,status,elapsed_ms,content_type,content_length,title,lang,direction,description,h1_count,images_total,images_missing_alt,images_empty_alt,images_lazy,empty_links,placeholder_hits,soft_404,error
https://alhikmakw.org.kw/donation,https://alhikmakw.org.kw/donation/,200,3969,text/html; charset=UTF-8,200458,جمعية الحكمة الكويتية الخيرية,ar,rtl,,6,50,1,22,7,34,Project Name placeholder,False,
https://alhikmakw.org.kw/donation/ar,https://alhikmakw.org.kw/donation/,200,8125,text/html; charset=UTF-8,200458,جمعية الحكمة الكويتية الخيرية,ar,rtl,,6,50,1,22,7,34,Project Name placeholder,False,
https://alhikmakw.org.kw/donation/ar/10,https://alhikmakw.org.kw/donation/ar/10,200,3419,text/html; charset=UTF-8,124575,جمعية الحكمة الكويتية الخيرية,ar,rtl,,3,27,1,17,0,20,English placeholder Pay | Project Name placeholder,False,
https://alhikmakw.org.kw/donation/ar/110,https://alhikmakw.org.kw/donation/ar/110,200,5566,text/html; charset=UTF-8,136658,جمعية الحكمة الكويتية الخيرية,ar,rtl,,3,31,1,20,4,26,English placeholder Pay | Project Name placeholder,False,
https://alhikmakw.org.kw/donation/ar/115,https://alhikmakw.org.kw/donation/ar/115,200,5741,text/html; charset=UTF-8,142970,جمعية الحكمة الكويتية الخيرية,ar,rtl,,3,35,1,24,8,34,English placeholder Pay | Project Name placeholder,False,
https://alhikmakw.org.kw/donation/ar/152,https://alhikmakw.org.kw/donation/ar/152,200,6239,text/html; charset=UTF-8,159078,جمعية الحكمة الكويتية الخيرية,ar,rtl,,3,32,1,17,0,25,English placeholder Pay | Project Name placeholder,False,
https://alhikmakw.org.kw/donation/ar/154,https://alhikmakw.org.kw/donation/ar/154,200,5303,text/html; charset=UTF-8,131352,جمعية الحكمة الكويتية الخيرية,ar,rtl,,3,27,1,17,0,20,English placeholder Pay | Project Name placeholder,False,
https://alhikmakw.org.kw/donation/ar/167,https://alhikmakw.org.kw/donation/ar/167,200,5805,text/html; charset=UTF-8,133545,جمعية الحكمة الكويتية الخيرية,ar,rtl,,3,27,1,17,0,20,English placeholder Pay | Project Name placeholder,False,
https://alhikmakw.org.kw/donation/ar/205,https://alhikmakw.org.kw/donation/ar/205,200,6266,text/html; charset=UTF-8,148770,جمعية الحكمة الكويتية الخيرية,ar,rtl,,3,32,1,17,0,25,English placeholder Pay | Project Name placeholder,False,
https://alhikmakw.org.kw/donation/ar/218,https://alhikmakw.org.kw/donation/ar/218,200,6480,text/html; charset=UTF-8,168573,جمعية الحكمة الكويتية الخيرية,ar,rtl,,3,37,1,21,5,33,English placeholder Pay | Project Name placeholder,False,
https://alhikmakw.org.kw/donation/ar/233,https://alhikmakw.org.kw/donation/ar/233,200,6592,text/html; charset=UTF-8,155201,جمعية الحكمة الكويتية الخيرية,ar,rtl,,3,34,1,18,2,27,English placeholder Pay | Project Name placeholder,False,
https://alhikmakw.org.kw/donation/ar/246,https://alhikmakw.org.kw/donation/ar/246,200,6434,text/html; charset=UTF-8,145729,جمعية الحكمة الكويتية الخيرية,ar,rtl,,4,37,1,26,10,38,English placeholder Pay | Project Name placeholder,False,
https://alhikmakw.org.kw/donation/ar/31,https://alhikmakw.org.kw/donation/ar/31,200,6202,text/html; charset=UTF-8,147512,جمعية الحكمة الكويتية الخيرية,ar,rtl,,3,32,1,17,0,25,English placeholder Pay | Project Name placeholder,False,
https://alhikmakw.org.kw/donation/ar/321,https://alhikmakw.org.kw/donation/ar/321,200,6047,text/html; charset=UTF-8,135948,جمعية الحكمة الكويتية الخيرية,ar,rtl,,3,28,1,17,0,21,English placeholder Pay | Project Name placeholder,False,
https://alhikmakw.org.kw/donation/ar/33,https://alhikmakw.org.kw/donation/,200,8765,text/html; charset=UTF-8,200458,جمعية الحكمة الكويتية الخيرية,ar,rtl,,6,50,1,22,7,34,Project Name placeholder,False,
https://alhikmakw.org.kw/donation/ar/335,https://alhikmakw.org.kw/donation/ar/335,200,6673,text/html; charset=UTF-8,158090,جمعية الحكمة الكويتية الخيرية,ar,rtl,,3,25,1,13,2,28,Project Name placeholder,False,
https://alhikmakw.org.kw/donation/ar/36,https://alhikmakw.org.kw/donation/ar/36,200,5758,text/html; charset=UTF-8,129134,جمعية الحكمة الكويتية الخيرية,ar,rtl,,3,28,1,17,0,21,English placeholder Pay | Project Name placeholder,False,
https://alhikmakw.org.kw/donation/ar/37,https://alhikmakw.org.kw/donation/ar/37,200,6148,text/html; charset=UTF-8,129950,جمعية الحكمة الكويتية الخيرية,ar,rtl,,3,28,1,17,0,21,English placeholder Pay | Project Name placeholder,False,
https://alhikmakw.org.kw/donation/ar/427,https://alhikmakw.org.kw/donation/ar/427,200,6343,text/html; charset=UTF-8,144699,جمعية الحكمة الكويتية الخيرية,ar,rtl,,4,27,1,21,10,38,Project Name placeholder,False,
https://alhikmakw.org.kw/donation/ar/428,https://alhikmakw.org.kw/donation/ar/428,200,5107,text/html; charset=UTF-8,136722,جمعية الحكمة الكويتية الخيرية,ar,rtl,,4,23,1,18,7,32,Project Name placeholder,False,
https://alhikmakw.org.kw/donation/ar/432,https://alhikmakw.org.kw/donation/ar/432,200,5069,text/html; charset=UTF-8,136023,جمعية الحكمة الكويتية الخيرية,ar,rtl,,3,27,1,17,0,20,English placeholder Pay | Project Name placeholder,False,
https://alhikmakw.org.kw/donation/ar/433,https://alhikmakw.org.kw/donation/ar/433,200,5141,text/html; charset=UTF-8,137598,جمعية الحكمة الكويتية الخيرية,ar,rtl,,3,18,1,12,0,21,Project Name placeholder,False,
https://alhikmakw.org.kw/donation/ar/440,https://alhikmakw.org.kw/donation/ar/440,200,5324,text/html; charset=UTF-8,147984,جمعية الحكمة الكويتية الخيرية,ar,rtl,,3,32,1,17,0,25,English placeholder Pay | Project Name placeholder,False,
https://alhikmakw.org.kw/donation/ar/62,https://alhikmakw.org.kw/donation/ar/62,200,4927,text/html; charset=UTF-8,121577,جمعية الحكمة الكويتية الخيرية,ar,rtl,,4,16,1,12,0,20,Project Name placeholder,False,
https://alhikmakw.org.kw/donation/ar/66,https://alhikmakw.org.kw/donation/ar/66,200,5198,text/html; charset=UTF-8,140552,جمعية الحكمة الكويتية الخيرية,ar,rtl,,3,30,1,18,2,23,English placeholder Pay | Project Name placeholder,False,
https://alhikmakw.org.kw/donation/ar/9/0Vz0DT3FdmjFyrXsbsX7EuFqLLPnfK/%D8%B3%D9%86%D8%A7%D8%A8%20%D8%B4%D8%A7%D8%AA,https://alhikmakw.org.kw/donation/ar/9/0Vz0DT3FdmjFyrXsbsX7EuFqLLPnfK/%D8%B3%D9%86%D8%A7%D8%A8%20%D8%B4%D8%A7%D8%AA,200,3376,text/html; charset=UTF-8,121592,جمعية الحكمة الكويتية الخيرية,ar,rtl,,4,16,1,12,0,20,Project Name placeholder,False,
https://alhikmakw.org.kw/donation/ar/awqaf,https://alhikmakw.org.kw/donation/ar/awqaf,200,2743,text/html; charset=UTF-8,57184,جمعية الحكمة الكويتية الخيرية,ar,rtl,,4,16,1,12,0,16,Project Name placeholder,False,
https://alhikmakw.org.kw/donation/ar/cart,https://alhikmakw.org.kw/donation/ar/cart,200,3160,text/html; charset=UTF-8,70101,جمعية الحكمة الكويتية الخيرية,ar,rtl,,3,26,12,12,0,15,Project Name placeholder,False,
https://alhikmakw.org.kw/donation/ar/choosecharityDonation/9UPalGyrSAcRXjTbe5n4WRohR0ZuvI,https://alhikmakw.org.kw/donation/ar/choosecharityDonation/9UPalGyrSAcRXjTbe5n4WRohR0ZuvI,200,2197,text/html; charset=UTF-8,78716,جمعية الحكمة الكويتية الخيرية,ar,rtl,,3,20,2,12,0,22,Project Name placeholder,False,
https://alhikmakw.org.kw/donation/ar/choosecharityDonation/I5duouUHBQBzuZYqtYlrx8WC0A1jtb,https://alhikmakw.org.kw/donation/ar/choosecharityDonation/I5duouUHBQBzuZYqtYlrx8WC0A1jtb,200,1798,text/html; charset=UTF-8,78612,جمعية الحكمة الكويتية الخيرية,ar,rtl,,3,20,2,12,0,22,Project Name placeholder,False,
https://alhikmakw.org.kw/donation/ar/choosecharityDonation/RjqqP6Bn52uhDuQqlGNbasd4ErSUgO,https://alhikmakw.org.kw/donation/ar/choosecharityDonation/RjqqP6Bn52uhDuQqlGNbasd4ErSUgO,200,1902,text/html; charset=UTF-8,79864,جمعية الحكمة الكويتية الخيرية,ar,rtl,,3,20,2,12,0,22,Project Name placeholder,False,
https://alhikmakw.org.kw/donation/ar/choosecharityDonation/pvI9Y0e5hwELlXpaOvtE7DjyG5OWoG,https://alhikmakw.org.kw/donation/ar/choosecharityDonation/pvI9Y0e5hwELlXpaOvtE7DjyG5OWoG,200,2099,text/html; charset=UTF-8,78654,جمعية الحكمة الكويتية الخيرية,ar,rtl,,3,20,2,12,0,22,Project Name placeholder,False,
https://alhikmakw.org.kw/donation/ar/contactus,https://alhikmakw.org.kw/donation/ar/contactus,200,2297,text/html; charset=UTF-8,48395,جمعية الحكمة الكويتية الخيرية,ar,rtl,,4,15,1,12,0,15,لوريم إيبسوم | Project Name placeholder,False,
https://alhikmakw.org.kw/donation/ar/dedications,https://alhikmakw.org.kw/donation/ar/dedications,200,3807,text/html; charset=UTF-8,89685,جمعية الحكمة الكويتية الخيرية,ar,rtl,,4,29,1,12,0,15,Project Name placeholder,False,
https://alhikmakw.org.kw/donation/ar/deductions,https://alhikmakw.org.kw/donation/ar/deductions,200,4025,text/html; charset=UTF-8,99103,جمعية الحكمة الكويتية الخيرية,ar,rtl,,4,20,1,14,0,15,Project Name placeholder,False,
https://alhikmakw.org.kw/donation/ar/eSpTaPAnKC,https://alhikmakw.org.kw/donation/ar/9/0Vz0DT3FdmjFyrXsbsX7EuFqLLPnfK/%D8%B3%D9%86%D8%A7%D8%A8%20%D8%B4%D8%A7%D8%AA,200,4456,text/html; charset=UTF-8,121592,جمعية الحكمة الكويتية الخيرية,ar,rtl,,4,16,1,12,0,20,Project Name placeholder,False,
https://alhikmakw.org.kw/donation/ar/login,https://alhikmakw.org.kw/donation/ar/login,200,2488,text/html; charset=UTF-8,51113,جمعية الحكمة الكويتية الخيرية,ar,rtl,,3,15,1,12,0,15,Project Name placeholder,False,
https://alhikmakw.org.kw/donation/ar/my-kafala,https://alhikmakw.org.kw/donation/ar/my-kafala,200,2753,text/html; charset=UTF-8,55309,جمعية الحكمة الكويتية الخيرية,ar,rtl,,4,15,1,12,0,15,Project Name placeholder,False,
https://alhikmakw.org.kw/donation/ar/numbers-stats,https://alhikmakw.org.kw/donation/ar/numbers-stats,200,3974,text/html; charset=UTF-8,91085,جمعية الحكمة الكويتية الخيرية,ar,rtl,,4,15,1,12,0,15,Project Name placeholder,False,
https://alhikmakw.org.kw/donation/ar/orphan-preview/1440,https://alhikmakw.org.kw/donation/ar/orphan-preview/1440,200,1104,text/html; charset=UTF-8,21183,استمارة كفالة يتيم - امباركة محمد محم,ar,rtl,,0,3,0,0,0,0,,False,
https://alhikmakw.org.kw/donation/ar/orphan-preview/1611,https://alhikmakw.org.kw/donation/ar/orphan-preview/1611,200,1546,text/html; charset=UTF-8,21129,استمارة كفالة يتيم - حبيبه لحبيب ورزك,ar,rtl,,0,3,0,0,0,0,,False,
https://alhikmakw.org.kw/donation/ar/orphan-preview/2628,https://alhikmakw.org.kw/donation/ar/orphan-preview/2628,200,1344,text/html; charset=UTF-8,21242,استمارة كفالة يتيم - رحمه رياض احمد عبده ثابت,ar,rtl,,0,3,0,0,0,0,,False,
https://alhikmakw.org.kw/donation/ar/orphan-preview/2908,https://alhikmakw.org.kw/donation/ar/orphan-preview/2908,200,1942,text/html; charset=UTF-8,21196,استمارة كفالة يتيم - محب بكيل امين احمد ناجي,ar,rtl,,0,3,0,0,0,0,,False,
https://alhikmakw.org.kw/donation/ar/orphan-preview/3778,https://alhikmakw.org.kw/donation/ar/orphan-preview/3778,200,1562,text/html; charset=UTF-8,21099,استمارة كفالة يتيم - معتز محمد سلطان الشيخ,ar,rtl,,0,3,0,0,0,0,,False,
https://alhikmakw.org.kw/donation/ar/orphan-preview/3823,https://alhikmakw.org.kw/donation/ar/orphan-preview/3823,200,1976,text/html; charset=UTF-8,21115,استمارة كفالة يتيم - ربى احمد سعيد العلي,ar,rtl,,0,3,0,0,0,0,,False,
https://alhikmakw.org.kw/donation/ar/our-reports,https://alhikmakw.org.kw/donation/ar/our-reports,200,3220,text/html; charset=UTF-8,68576,جمعية الحكمة الكويتية الخيرية,ar,rtl,,4,15,1,12,0,15,Project Name placeholder,False,
https://alhikmakw.org.kw/donation/ar/project-fruits/427,https://alhikmakw.org.kw/donation/ar/project-fruits/427,200,3173,text/html; charset=UTF-8,68641,جمعية الحكمة الكويتية الخيرية,ar,rtl,,4,26,1,22,8,24,Project Name placeholder,False,
https://alhikmakw.org.kw/donation/ar/projects,https://alhikmakw.org.kw/donation/ar/projects,200,5262,text/html; charset=UTF-8,229670,جمعية الحكمة الكويتية الخيرية,ar,rtl,,4,42,2,12,0,39,Project Name placeholder,False,
https://alhikmakw.org.kw/donation/ar/register,https://alhikmakw.org.kw/donation/ar/register,200,2271,text/html; charset=UTF-8,48830,جمعية الحكمة الكويتية الخيرية,ar,rtl,,3,15,1,12,0,15,Project Name placeholder,False,
https://alhikmakw.org.kw/donation/ar/requestyourproject,https://alhikmakw.org.kw/donation/ar/requestyourproject,200,2498,text/html; charset=UTF-8,56848,جمعية الحكمة الكويتية الخيرية,ar,rtl,,3,15,1,12,0,15,Project Name placeholder,False,
https://alhikmakw.org.kw/donation/ar/sponsorship,https://alhikmakw.org.kw/donation/ar/sponsorship,200,5009,text/html; charset=UTF-8,113949,جمعية الحكمة الكويتية الخيرية,ar,rtl,,4,30,1,21,14,15,Project Name placeholder,False,
https://alhikmakw.org.kw/donation/ar/whoweare/aboutus,https://alhikmakw.org.kw/donation/ar/whoweare/aboutus,200,2438,text/html; charset=UTF-8,54341,جمعية الحكمة الكويتية الخيرية,ar,rtl,,6,15,1,12,0,15,Project Name placeholder,False,
https://alhikmakw.org.kw/donation/ar/whoweare/achievements,https://alhikmakw.org.kw/donation/ar/whoweare/achievements,200,2568,text/html; charset=UTF-8,50267,جمعية الحكمة الكويتية الخيرية,ar,rtl,,5,18,1,12,0,15,لوريم إيبسوم | Project Name placeholder,False,
https://alhikmakw.org.kw/donation/ar/whoweare/boardof-director,https://alhikmakw.org.kw/donation/ar/whoweare/boardof-director,200,2502,text/html; charset=UTF-8,50220,جمعية الحكمة الكويتية الخيرية,ar,rtl,,5,20,1,12,0,20,Project Name placeholder,False,
https://alhikmakw.org.kw/donation/ar/whoweare/faq,https://alhikmakw.org.kw/donation/ar/whoweare/faq,200,2461,text/html; charset=UTF-8,52975,جمعية الحكمة الكويتية الخيرية,ar,rtl,,4,15,1,12,0,15,Question (AR) | Answer (AR) | test/gibberish content | Project Name placeholder,False,
https://alhikmakw.org.kw/donation/ar/whoweare/gallery,https://alhikmakw.org.kw/donation/ar/whoweare/gallery,200,4342,text/html; charset=UTF-8,49823,جمعية الحكمة الكويتية الخيرية,ar,rtl,,3,17,3,12,0,15,Project Name placeholder,False,
https://alhikmakw.org.kw/donation/ar/whoweare/governance,https://alhikmakw.org.kw/donation/ar/whoweare/governance,200,4707,text/html; charset=UTF-8,63734,جمعية الحكمة الكويتية الخيرية,ar,rtl,,4,15,1,12,0,15,Project Name placeholder,False,
https://alhikmakw.org.kw/donation/ar/whoweare/news,https://alhikmakw.org.kw/donation/ar/whoweare/news,200,2992,text/html; charset=UTF-8,50687,جمعية الحكمة الكويتية الخيرية,ar,rtl,,5,15,1,12,0,15,لوريم إيبسوم | Project Name placeholder,False,
https://alhikmakw.org.kw/donation/ar/zakat,https://alhikmakw.org.kw/donation/ar/zakat,200,5204,text/html; charset=UTF-8,85940,جمعية الحكمة الكويتية الخيرية,ar,rtl,,6,17,3,12,0,33,translation key | Project Name placeholder,False,
https://alhikmakw.org.kw/donation/ar/zakat_project,https://alhikmakw.org.kw/donation/ar/zakat_project,200,2911,text/html; charset=UTF-8,62976,جمعية الحكمة الكويتية الخيرية,ar,rtl,,3,27,12,12,0,19,Project Name placeholder,False,
https://alhikmakw.org.kw/donation/en,https://alhikmakw.org.kw/donation/,200,8061,text/html; charset=UTF-8,200458,جمعية الحكمة الكويتية الخيرية,ar,rtl,,6,50,1,22,7,34,Project Name placeholder,False,
